https://sbacoustics.com/technical-notes/,https://sbacoustics.com/technical
https://sbacoustics.com/about/,https://sbacoustics.com/aboutus
https://sbacoustics.com/links/,https://sbacoustics.com/technical
https://sbacoustics.com/subscribe/,https://sbacoustics.com/newsletter
https://sbacoustics.com/subscribe-old/,https://sbacoustics.com/newsletter
https://sbacoustics.com/product/,https://sbacoustics.com/products
https://sbacoustics.com/product-category/drivers/tweeters/,https://sbacoustics.com/drivers/tweeters
https://sbacoustics.com/product-category/drivers/,https://sbacoustics.com/drivers
https://sbacoustics.com/product-category/drivers/widebanders/,https://sbacoustics.com/drivers/widebanders
https://sbacoustics.com/product-category/drivers/midranges/,https://sbacoustics.com/drivers/midranges
https://sbacoustics.com/product-category/drivers/midwoofers/,https://sbacoustics.com/drivers/midwoofers
https://sbacoustics.com/product-category/drivers/passive-radiators/,https://sbacoustics.com/drivers/passive-radiators
https://sbacoustics.com/product-category/drivers/subwoofers/,https://sbacoustics.com/drivers/subwoofers
https://sbacoustics.com/product-category/drivers/woofers/,https://sbacoustics.com/drivers/woofers
https://sbacoustics.com/product-category/drivers/tweeters/dome-tweeters/,https://sbacoustics.com/drivers/tweeters/dome-tweeter
https://sbacoustics.com/product-category/drivers/tweeters/ring-radiators/,https://sbacoustics.com/drivers/tweeters/ring-radiators
https://sbacoustics.com/product-category/drivers/tweeters/satori-tweeters/,https://sbacoustics.com/drivers/tweeters/satori-tweeters
https://sbacoustics.com/product-category/drivers/midranges/nrx-midranges/,https://sbacoustics.com/drivers/midranges/nrx-midranges
https://sbacoustics.com/product-category/drivers/midranges/satori-midranges/,https://sbacoustics.com/drivers/midranges/satori-midranges
https://sbacoustics.com/product-category/drivers/midwoofers/cac-midwoofers/,https://sbacoustics.com/drivers/midwoofers/cac-midwoofers
https://sbacoustics.com/product-category/drivers/midwoofers/crc-midwoofers/,https://sbacoustics.com/drivers/midwoofers/crc-midwoofers
https://sbacoustics.com/product-category/drivers/midwoofers/mfc-midwoofers/,https://sbacoustics.com/drivers/midwoofers/mfc-midwoofers
https://sbacoustics.com/product-category/drivers/midwoofers/nac-midwoofers/,https://sbacoustics.com/drivers/midwoofers/nbac-midwoofers
https://sbacoustics.com/product-category/drivers/midwoofers/nrx-midwoofers/,https://sbacoustics.com/drivers/midwoofers/nrx-midwoofers
https://sbacoustics.com/product-category/drivers/midwoofers/pac-midwoofers/,https://sbacoustics.com/drivers/midwoofers/pac-midwoofers
https://sbacoustics.com/product-category/drivers/midwoofers/pfc-midwoofers/,https://sbacoustics.com/drivers/midwoofers/pfcr-midwoofers
https://sbacoustics.com/product-category/drivers/midwoofers/satori-midwoofers/,https://sbacoustics.com/drivers/midwoofers/satori-midwoofers
https://sbacoustics.com/product-category/drivers/woofers/pfc-woofers/,https://sbacoustics.com/drivers/woofers/pfcr-woofers
https://sbacoustics.com/product-category/drivers/woofers/nrx-woofers/,https://sbacoustics.com/drivers/woofers/nrx-woofers
https://sbacoustics.com/product-category/drivers/woofers/nac-woofers/,https://sbacoustics.com/drivers/woofers/nbac-woofers
https://sbacoustics.com/product-category/drivers/shallow-subwoofers/,https://sbacoustics.com/drivers/shallow-subwoofers
https://sbacoustics.com/product-category/drivers/woofers/satori-woofers/,https://sbacoustics.com/drivers/woofers/satori-woofers
https://sbacoustics.com/product-category/kits/sb-acoustics-kits/,https://sbacoustics.com/kits/sb-acoustics-kits
https://sbacoustics.com/product-category/new-products/,https://sbacoustics.com/new-products
https://sbacoustics.com/product-category/kits/open-source-kits/,https://sbacoustics.com/kits/open-source-kits
https://sbacoustics.com/product-category/drivers/oem/,https://sbacoustics.com/drivers/oem
https://sbacoustics.com/product-category/drivers/midwoofers/sfcr-midwoofers/,https://sbacoustics.com/drivers/midwoofers/sfcr-midwoofers
https://sbacoustics.com/product-category/drivers/woofers/cac-woofers/,https://sbacoustics.com/drivers/woofers/cac-woofers
https://sbacoustics.com/product-category/family-product/,https://sbacoustics.com/drivers
https://sbacoustics.com/product-category/family-product/cac-family-product/,https://sbacoustics.com/drivers/cac
https://sbacoustics.com/product-category/family-product/crc-family-product/,https://sbacoustics.com/drivers/crc
https://sbacoustics.com/product-category/family-product/mfc-family-product/,https://sbacoustics.com/drivers/mfc
https://sbacoustics.com/product-category/family-product/nac-family-product/,https://sbacoustics.com/drivers/nbac
https://sbacoustics.com/product-category/family-product/nrx-family-product/,https://sbacoustics.com/drivers/nrx
https://sbacoustics.com/product-category/family-product/pac-family-product/,https://sbacoustics.com/drivers/pac
https://sbacoustics.com/product-category/family-product/pfc-family-product/,https://sbacoustics.com/drivers/pfcr
https://sbacoustics.com/product-category/family-product/satori-family-product/,https://sbacoustics.com/drivers/satori
https://sbacoustics.com/product-category/family-product/sfc-family-product/,https://sbacoustics.com/drivers/sfc
https://sbacoustics.com/product-category/family-product/coaxial-family-product/,https://sbacoustics.com/drivers/coaxials
https://sbacoustics.com/product-category/kits/,https://sbacoustics.com/kits
https://sbacoustics.com/product-category/kits-kits/,https://sbacoustics.com/kits
https://sbacoustics.com/product-category/drivers/tweeters/softtw/,https://sbacoustics.com/drivers/tweeters
https://sbacoustics.com/product-category/drivers/tweeters/hard/,https://sbacoustics.com/drivers/tweeters
https://sbacoustics.com/product-category/drivers/widebanders/hard-wideband/,https://sbacoustics.com/drivers/widebanders
https://sbacoustics.com/product-category/drivers/widebanders/soft-wideband/,https://sbacoustics.com/drivers/widebanders
https://sbacoustics.com/product-category/drivers/midranges/hard-midrange/,https://sbacoustics.com/drivers/midranges
https://sbacoustics.com/product-category/drivers/midranges/soft-midrange/,https://sbacoustics.com/drivers/midranges
https://sbacoustics.com/product-category/drivers/midwoofers/hard-midwoofers/,https://sbacoustics.com/drivers/midwoofers
https://sbacoustics.com/product-category/drivers/midwoofers/soft-midwoofers/,https://sbacoustics.com/drivers/midwoofers
https://sbacoustics.com/product-category/drivers/woofers/hard-woofers/,https://sbacoustics.com/drivers/woofers
https://sbacoustics.com/product-category/drivers/woofers/soft-woofers/,https://sbacoustics.com/drivers/woofers
https://sbacoustics.com/product-category/drivers/passive-radiators/hard-passive-radiators/,https://sbacoustics.com/drivers/passive-radiators
https://sbacoustics.com/product-category/drivers/passive-radiators/soft-passive-radiators/,https://sbacoustics.com/drivers/passive-radiators
https://sbacoustics.com/product-category/coaxials/,https://sbacoustics.com/drivers/coaxials
https://sbacoustics.com/product-category/drivers/oem/tweeters-oem/,https://sbacoustics.com/drivers/oem/tweeters-oem
https://sbacoustics.com/product-category/drivers/oem/midranges-oem/,https://sbacoustics.com/drivers/oem/midranges-oem
https://sbacoustics.com/product-category/drivers/oem/midwoofers-oem/,https://sbacoustics.com/drivers/oem/midwoofers-oem
https://sbacoustics.com/product-category/drivers/oem/coaxials-oem/,https://sbacoustics.com/drivers/oem/coaxials-oem
https://sbacoustics.com/product-category/new-products/hard-coming-soon/,https://sbacoustics.com/new-products
https://sbacoustics.com/product-category/kits/discontinued-kits/,https://sbacoustics.com/kits
https://sbacoustics.com/product-category/drivers/filler-drivers/,https://sbacoustics.com/drivers/midranges/satori-midranges
https://sbacoustics.com/product-category/kits/accessories/,https://sbacoustics.com/kits/accessories
https://sbacoustics.com/product-category/drivers/oem/passive-radiators-oem/,https://sbacoustics.com/drivers/oem/passive-radiators-oem
https://sbacoustics.com/product-category/drivers/oem/woofers-oem/,https://sbacoustics.com/drivers/oem/woofers-oem
https://sbacoustics.com/product-category/drivers/oem/nac-midwoofers-oem/,https://sbacoustics.com/drivers/oem/nbac-midwoofers-oem
https://sbacoustics.com/product-category/drivers/oem/nrx-midwoofers-oem/,https://sbacoustics.com/drivers/oem/nrx-midwoofers-oem
https://sbacoustics.com/product-category/drivers/oem/pfc-midwoofers-oem/,https://sbacoustics.com/drivers/oem/pfcr-midwoofers-oem
https://sbacoustics.com/product-category/drivers/oem/satori-midwoofers-oem/,https://sbacoustics.com/drivers/oem/satori-midwoofers-oem
https://sbacoustics.com/product-category/drivers/oem/shallow-subwoofers-oem/,https://sbacoustics.com/drivers/oem/shallow-subwoofers-oem
https://sbacoustics.com/product-category/drivers/oem/subwoofers-oem/,https://sbacoustics.com/drivers/oem/subwoofers-oem
https://sbacoustics.com/product-category/full-range/,https://sbacoustics.com/drivers/full-ranges
https://sbacoustics.com/product-category/drivers/woofers/sfcl-woofers/,https://sbacoustics.com/drivers/woofers/sfcl-woofers
https://sbacoustics.com/product/gema/,https://sbacoustics.com/products/gema
https://sbacoustics.com/product/tifa-8/,https://sbacoustics.com/products/tifa-8
https://sbacoustics.com/product/tifa-6/,https://sbacoustics.com/products/tifa-6
https://sbacoustics.com/product/sb17nrx2l35-4-norex/,https://sbacoustics.com/products/sb17nrx2l35-4
https://sbacoustics.com/product/sb17nrx2l35-8-norex/,https://sbacoustics.com/products/sb17nrx2l35-8
https://sbacoustics.com/product/8″-sb20pfcs30-7-paper/,https://sbacoustics.com/products/sb20pfcs30-7
https://sbacoustics.com/product/8″-sb23mfcl-00-polypropylene/,https://sbacoustics.com/products/sb23mfcl-00
https://sbacoustics.com/product/10-sb26sfcl38-8-paper/,https://sbacoustics.com/products/sb26sfcl38-8
https://sbacoustics.com/product/10-sb26sfcl38-4-paper/,https://sbacoustics.com/products/sb26sfcl38-4
https://sbacoustics.com/product/micro/,https://sbacoustics.com/products/micro
https://sbacoustics.com/product/arya/,https://sbacoustics.com/products/arya
https://sbacoustics.com/product/rinjani-be/,https://sbacoustics.com/products/rinjani-be
https://sbacoustics.com/product/rinjani/,https://sbacoustics.com/products/rinjani
https://sbacoustics.com/product/sb29rdac-c000-4/,https://sbacoustics.com/products/sb29rdac-c000-4
https://sbacoustics.com/product/sasandu-tx/,https://sbacoustics.com/products/sasandu-tx
https://sbacoustics.com/product/sasandu/,https://sbacoustics.com/products/sasandu
https://sbacoustics.com/product/rinjani-tx/,https://sbacoustics.com/products/rinjani-tx
https://sbacoustics.com/product/bromo/,https://sbacoustics.com/products/bromo
https://sbacoustics.com/product/ara-tx/,https://sbacoustics.com/products/ara-tx
https://sbacoustics.com/product/ara-be/,https://sbacoustics.com/products/ara-be
https://sbacoustics.com/product/ara/,https://sbacoustics.com/products/ara
https://sbacoustics.com/product/4-sb12pfcr25-8-paper/,https://sbacoustics.com/products/sb12pfcr25-8
https://sbacoustics.com/product/4-sb12pfcr25-4-paper/,https://sbacoustics.com/products/sb12pfcr25-4
https://sbacoustics.com/product/sb14st-c000-4/,https://sbacoustics.com/products/sb14st-c000-4
https://sbacoustics.com/product/5x8in-sb15sfcr39-4/,https://sbacoustics.com/products/sb15sfcr39-4
https://sbacoustics.com/product/95-satori-wo24tx-8-textreme/,https://sbacoustics.com/products/wo24tx-8
https://sbacoustics.com/product/95-satori-wo24tx-4-textreme/,https://sbacoustics.com/products/wo24tx-4
https://sbacoustics.com/product/5-satori-mr13tx-4-textreme/,https://sbacoustics.com/products/mr13tx-4
https://sbacoustics.com/product/6½-satori-mr16tx-8-textreme/,https://sbacoustics.com/products/mr16tx-8
https://sbacoustics.com/product/sb29sdnc-c000-4-fabric/,https://sbacoustics.com/products/sb29sdnc-c000-4
https://sbacoustics.com/product/10″-sw26sfc38-8-paper/,https://sbacoustics.com/products/sw26sfc38-8
https://sbacoustics.com/product/4-sb12pacr25-4-coax/,https://sbacoustics.com/products/sb12pacr25-4-coax
https://sbacoustics.com/product/10-sw26sfc38-4-paper/,https://sbacoustics.com/products/sw26sfc38-4
https://sbacoustics.com/product/at60nc-4-kapton/,https://sbacoustics.com/products/at60nc-4
https://sbacoustics.com/product/12-sb34nrx2-00-norex/,https://sbacoustics.com/products/sb34nrx2-00
https://sbacoustics.com/product/10-sb29nrx2-00-norex/,https://sbacoustics.com/products/sb29nrx2-00
https://sbacoustics.com/product/satori-tw29txnwg-4-textreme/,https://sbacoustics.com/products/tw29txnwg-4
https://sbacoustics.com/product/7½in-satori-mw19pnw-8/,https://sbacoustics.com/products/mw19pnw-8
https://sbacoustics.com/product/7½in-satori-mw19pnw-4/,https://sbacoustics.com/products/mw19pnw-4
https://sbacoustics.com/product/10in-sw26dbac-00/,https://sbacoustics.com/products/sw26dbac-00
https://sbacoustics.com/product/10in-sb29nrx-00-norex/,https://sbacoustics.com/products/sb29nrx-00
https://sbacoustics.com/product/12in-sb34nrx-00-norex/,https://sbacoustics.com/products/sb34nrx-00
https://sbacoustics.com/product/dw50/,https://sbacoustics.com/products/dw50
https://sbacoustics.com/product/6in-sb16pfcr-00-paper/,https://sbacoustics.com/products/sb16pfcr-00
https://sbacoustics.com/product/5x8in-sb15sfcr-00/,https://sbacoustics.com/products/sb15sfcr-00
https://sbacoustics.com/product/4-sb12pacr-00-aluminium/,https://sbacoustics.com/products/sb12pacr-00
https://sbacoustics.com/product/4-sb12pfcr-00-paper/,https://sbacoustics.com/products/sb12pfcr-00
https://sbacoustics.com/product/5-sb13pfcr-00-paper/,https://sbacoustics.com/products/sb13pfcr-00
https://sbacoustics.com/product/6-sb20pfcr-00-paper/,https://sbacoustics.com/products/sb20pfcr-00
https://sbacoustics.com/product/5in-sb13pfc25-4-coax-paper/,https://sbacoustics.com/products/sb13pfc25-4-coax
https://sbacoustics.com/product/6in-sb16pfc25-4-coax-paper/,https://sbacoustics.com/products/sb16pfc25-4-coax
https://sbacoustics.com/product/4in-sb12pac-00-aluminium/,https://sbacoustics.com/products/sb12pac-00
https://sbacoustics.com/product/10in-sw26dac-00/,https://sbacoustics.com/products/sw26dac-00
https://sbacoustics.com/product/4-sb12pfc-00-paper/,https://sbacoustics.com/products/sb12pfc-00
https://sbacoustics.com/product/5-sb13pfc-00-paper/,https://sbacoustics.com/products/sb13pfc-00
https://sbacoustics.com/product/6-sb16pfc-00-paper/,https://sbacoustics.com/products/sb16pfc-00
https://sbacoustics.com/product/8-sb20pfc-00-paper/,https://sbacoustics.com/products/sb20pfc-00
https://sbacoustics.com/product/10in-sw26dac76-4/,https://sbacoustics.com/products/sw26dac76-4
https://sbacoustics.com/product/10in-sw26dac76-8/,https://sbacoustics.com/products/sw26dac76-8
https://sbacoustics.com/product/10in-sw26dac76-3-dv/,https://sbacoustics.com/products/sw26dac76-3-dv
https://sbacoustics.com/product/10in-sw26dbac76-3-dv/,https://sbacoustics.com/products/sw26dbac76-3-dv
https://sbacoustics.com/product/12in-sb34swpl76-3-dv/,https://sbacoustics.com/products/sb34swpl76-3-dv
https://sbacoustics.com/product/8in-sb23nacs45-4/,https://sbacoustics.com/products/sb23nacs45-4
https://sbacoustics.com/product/8in-sb23nacs45-8/,https://sbacoustics.com/products/sb23nacs45-8
https://sbacoustics.com/product/8-sb20pfc30-4-paper/,https://sbacoustics.com/products/sb20pfc30-4
https://sbacoustics.com/product/8-sb20pfc30-8-paper/,https://sbacoustics.com/products/sb20pfc30-8
https://sbacoustics.com/product/7½″-satori-mw19pf-4-paper-2/,https://sbacoustics.com/products/mw19pf-8
https://sbacoustics.com/product/7½″-satori-mw19pf-4-paper/,https://sbacoustics.com/products/mw19pf-4
https://sbacoustics.com/product/6½-satori-mw16pf-8-paper/,https://sbacoustics.com/products/mw16pf-8
https://sbacoustics.com/product/6½-satori-mw16pf-4-paper/,https://sbacoustics.com/products/mw16pf-4
https://sbacoustics.com/product/6in-sb16pfc25-8-paper/,https://sbacoustics.com/products/sb16pfc25-8
https://sbacoustics.com/product/6in-sb16pfc25-4-paper/,https://sbacoustics.com/products/sb16pfc25-4
https://sbacoustics.com/product/5in-sb13pfc25-8-paper/,https://sbacoustics.com/products/sb13pfc25-8
https://sbacoustics.com/product/5in-sb13pfc25-4-paper/,https://sbacoustics.com/products/sb13pfc25-4
https://sbacoustics.com/product/4in-sb12pfc25-8-paper/,https://sbacoustics.com/products/sb12pfc25-8
https://sbacoustics.com/product/4in-sb12pfc25-4-paper/,https://sbacoustics.com/products/sb12pfc25-4
https://sbacoustics.com/product/6in-sb17nrxc35-8/,https://sbacoustics.com/products/sb17nrxc35-8
https://sbacoustics.com/product/6in-sb17nrxc35-4/,https://sbacoustics.com/products/sb17nrxc35-4
https://sbacoustics.com/product/5in-sb15nrxc30-8/,https://sbacoustics.com/products/sb15nrxc30-8
https://sbacoustics.com/product/5in-sb15nrxc30-4/,https://sbacoustics.com/products/sb15nrxc30-4
https://sbacoustics.com/product/6in-sb17nac35-8/,https://sbacoustics.com/products/sb17nac35-8
https://sbacoustics.com/product/6in-sb17nac35-4/,https://sbacoustics.com/products/sb17nac35-4
https://sbacoustics.com/product/5in-sb15nac30-4/,https://sbacoustics.com/products/sb15nac30-4
https://sbacoustics.com/product/5in-sb15nac30-8/,https://sbacoustics.com/products/sb15nac30-8
https://sbacoustics.com/product/4in-sb12mnrx25-4-paper/,https://sbacoustics.com/products/sb12mnrx25-4
https://sbacoustics.com/product/sb29rdc-c000-4-fabric/,https://sbacoustics.com/products/sb29rdc-c000-4
https://sbacoustics.com/product/sb26stc-c000-4/,https://sbacoustics.com/products/sb26stc-c000-4
https://sbacoustics.com/product/7½-satori-mt19cp-8-paper/,https://sbacoustics.com/products/mt19cp-8
https://sbacoustics.com/product/9½in-satori-wo24p-8/,https://sbacoustics.com/products/wo24p-8
https://sbacoustics.com/product/9½in-satori-wo24p-4/,https://sbacoustics.com/products/wo24p-4
https://sbacoustics.com/product/7½-satori-mw19tx-8-textreme/,https://sbacoustics.com/products/mw19tx-8
https://sbacoustics.com/product/7½-satori-mw19tx-4-textreme/,https://sbacoustics.com/products/mw19tx-4
https://sbacoustics.com/product/6-5-satori-mw16tx-8-textreme/,https://sbacoustics.com/products/mw16tx-8
https://sbacoustics.com/product/6-5-satori-mw16tx-4-textreme/,https://sbacoustics.com/products/mw16tx-4
https://sbacoustics.com/product/eka/,https://sbacoustics.com/products/eka
https://sbacoustics.com/product/micro-c/,https://sbacoustics.com/products/micro-c
https://sbacoustics.com/product/4in-sb12nrxf25-8-norex/,https://sbacoustics.com/products/sb12nrxf25-8
https://sbacoustics.com/product/4in-sb12nrxf25-4-norex/,https://sbacoustics.com/products/sb12nrxf25-4
https://sbacoustics.com/product/6-sb16pfcr25-4-coax/,https://sbacoustics.com/products/sb16pfcr25-4-coax
https://sbacoustics.com/product/5-sb13pfcr25-4-coax/,https://sbacoustics.com/products/sb13pfcr25-4-coax
https://sbacoustics.com/product/4-sb12pfcr25-4-coax/,https://sbacoustics.com/products/sb12pfcr25-4-coax
https://sbacoustics.com/product/10in-sw26dbac76-8/,https://sbacoustics.com/products/sw26dbac76-8
https://sbacoustics.com/product/10in-sw26dbac76-4/,https://sbacoustics.com/products/sw26dbac76-4
https://sbacoustics.com/product/15in-sb42fhcl75-6/,https://sbacoustics.com/products/sb42fhcl75-6
https://sbacoustics.com/product/12in-sb34swpl76-4/,https://sbacoustics.com/products/sb34swpl76-4
https://sbacoustics.com/product/12in-sb34swnrx-s75-6-norex/,https://sbacoustics.com/products/sb34swnrx-s75-6
https://sbacoustics.com/product/10in-sb29swnrx-s75-6-norex/,https://sbacoustics.com/products/sb29swnrx-s75-6
https://sbacoustics.com/product/8in-sb23mfcl45-8/,https://sbacoustics.com/products/sb23mfcl45-8
https://sbacoustics.com/product/8in-sb23mfcl45-4/,https://sbacoustics.com/products/sb23mfcl45-4
https://sbacoustics.com/product/8in-sb23nbacs45-8/,https://sbacoustics.com/products/sb23nbacs45-8
https://sbacoustics.com/product/8in-sb23nbacs45-4/,https://sbacoustics.com/products/sb23nbacs45-4
https://sbacoustics.com/product/12-sb34nrxl75-8-norex/,https://sbacoustics.com/products/sb34nrxl75-8
https://sbacoustics.com/product/12-sb34nrx75-16-norex/,https://sbacoustics.com/products/sb34nrx75-16
https://sbacoustics.com/product/10-sb29nrx75-8-norex/,https://sbacoustics.com/products/sb29nrx75-8
https://sbacoustics.com/product/10-sb29nrx75-6-norex/,https://sbacoustics.com/products/sb29nrx75-6
https://sbacoustics.com/product/12-sb34nrx75-6-norex/,https://sbacoustics.com/products/sb34nrx75-6
https://sbacoustics.com/product/8in-sb23nrxs45-8-norex/,https://sbacoustics.com/products/sb23nrxs45-8
https://sbacoustics.com/product/8-sb23nrxs45-4-norex/,https://sbacoustics.com/products/sb23nrxs45-4
https://sbacoustics.com/product/8-sb20pfcr30-8-paper/,https://sbacoustics.com/products/sb20pfcr30-8
https://sbacoustics.com/product/8-sb20pfcr30-4-paper/,https://sbacoustics.com/products/sb20pfcr30-4
https://sbacoustics.com/product/8in-sb23cacs45-8/,https://sbacoustics.com/products/sb23cacs45-8
https://sbacoustics.com/product/8in-sb23cacs45-4/,https://sbacoustics.com/products/sb23cacs45-4
https://sbacoustics.com/product/5x8in-sb15sfcr39-8/,https://sbacoustics.com/products/sb15sfcr39-8
https://sbacoustics.com/product/7½in-satori-mw19p-8/,https://sbacoustics.com/products/mw19p-8
https://sbacoustics.com/product/6½in-satori-mw16pnw-8/,https://sbacoustics.com/products/mw16pnw-8
https://sbacoustics.com/product/6½in-satori-mw16pnw-4/,https://sbacoustics.com/products/mw16pnw-4
https://sbacoustics.com/product/6½in-satori-mw16p-8/,https://sbacoustics.com/products/mw16p-8
https://sbacoustics.com/product/6½in-satori-mw16p-4/,https://sbacoustics.com/products/mw16p-4
https://sbacoustics.com/product/5-satori-mw13pnw-8/,https://sbacoustics.com/products/mw13pnw-8
https://sbacoustics.com/product/5in-satori-mw13pnw-4/,https://sbacoustics.com/products/mw13pnw-4
https://sbacoustics.com/product/5in-satori-mw13p-8/,https://sbacoustics.com/products/mw13p-8
https://sbacoustics.com/product/5in-satori-mw13p-4/,https://sbacoustics.com/products/mw13p-4
https://sbacoustics.com/product/5-satori-mw13tx-8-textreme/,https://sbacoustics.com/products/mw13tx-8
https://sbacoustics.com/product/5-satori-mw13tx-4-textreme/,https://sbacoustics.com/products/mw13tx-4
https://sbacoustics.com/product/6-sb16pfcr25-8-paper/,https://sbacoustics.com/products/sb16pfcr25-8
https://sbacoustics.com/product/6-sb16pfcr25-4-paper/,https://sbacoustics.com/products/sb16pfcr25-4
https://sbacoustics.com/product/5-sb13pfcr25-8-paper/,https://sbacoustics.com/products/sb13pfcr25-8
https://sbacoustics.com/product/5-sb13pfcr25-4-paper/,https://sbacoustics.com/products/sb13pfcr25-4
https://sbacoustics.com/product/4-sb12pacr25-4-aluminum/,https://sbacoustics.com/products/sb12pacr25-4
https://sbacoustics.com/product/4in-sb12pac25-4/,https://sbacoustics.com/products/sb12pac25-4
https://sbacoustics.com/product/6in-sb17nrx2c35-8-norex/,https://sbacoustics.com/products/sb17nrx2c35-8
https://sbacoustics.com/product/6in-sb17nrx2c35-4-norex/,https://sbacoustics.com/products/sb17nrx2c35-4
https://sbacoustics.com/product/5in-sb15nrx2c30-8-norex/,https://sbacoustics.com/products/sb15nrx2c30-8
https://sbacoustics.com/product/5in-sb15nrx2c30-4-norex/,https://sbacoustics.com/products/sb15nrx2c30-4
https://sbacoustics.com/product/4in-sb12nrx25-8-norex/,https://sbacoustics.com/products/sb12nrx25-8
https://sbacoustics.com/product/4in-sb12nrx25-4-norex/,https://sbacoustics.com/products/sb12nrx25-4
https://sbacoustics.com/product/6in-sb17nbac35-8/,https://sbacoustics.com/products/sb17nbac35-8
https://sbacoustics.com/product/6in-sb17nbac35-4/,https://sbacoustics.com/products/sb17nbac35-4
https://sbacoustics.com/product/5in-sb15nbac30-8/,https://sbacoustics.com/products/sb15nbac30-8
https://sbacoustics.com/product/5in-sb15nbac30-4/,https://sbacoustics.com/products/sb15nbac30-4
https://sbacoustics.com/product/6in-sb17mfc35-8/,https://sbacoustics.com/products/sb17mfc35-8
https://sbacoustics.com/product/6in-sb17mfc35-4/,https://sbacoustics.com/products/sb17mfc35-4
https://sbacoustics.com/product/5in-sb15mfc30-8/,https://sbacoustics.com/products/sb15mfc30-8
https://sbacoustics.com/product/5in-sb15mfc30-4/,https://sbacoustics.com/products/sb15mfc30-4
https://sbacoustics.com/product/6in-sb17crc35-8/,https://sbacoustics.com/products/sb17crc35-8
https://sbacoustics.com/product/6in-sb17crc35-4/,https://sbacoustics.com/products/sb17crc35-4
https://sbacoustics.com/product/5-sb15crc30-8-carbon/,https://sbacoustics.com/products/sb15crc30-8
https://sbacoustics.com/product/6-sb15crc30-4-carbon/,https://sbacoustics.com/products/sb15crc30-4
https://sbacoustics.com/product/6in-sb17cac35-8/,https://sbacoustics.com/products/sb17cac35-8
https://sbacoustics.com/product/6in-sb17cac35-4/,https://sbacoustics.com/products/sb17cac35-4
https://sbacoustics.com/product/5in-sb15cac30-8/,https://sbacoustics.com/products/sb15cac30-8
https://sbacoustics.com/product/5in-sb15cac30-4/,https://sbacoustics.com/products/sb15cac30-4
https://sbacoustics.com/product/4in-sb12cacs25-8/,https://sbacoustics.com/products/sb12cacs25-8
https://sbacoustics.com/product/4in-sb12cacs25-4/,https://sbacoustics.com/products/sb12cacs25-4
https://sbacoustics.com/product/6½in-satori-mr16pnw-8/,https://sbacoustics.com/products/mr16pnw-8
https://sbacoustics.com/product/6½in-satori-mr16pnw-4/,https://sbacoustics.com/products/mr16pnw-4
https://sbacoustics.com/product/6½in-satori-mr16p-8/,https://sbacoustics.com/products/mr16p-8
https://sbacoustics.com/product/6½in-satori-mr16p-4/,https://sbacoustics.com/products/mr16p-4
https://sbacoustics.com/product/4-sb12mnrx2-25-4-norex/,https://sbacoustics.com/products/sb12mnrx2-25-4
https://sbacoustics.com/product/2-5in-satori-md60n-6-fabric/,https://sbacoustics.com/products/md60n-6
https://sbacoustics.com/product/sb26stac-c000-4/,https://sbacoustics.com/products/sb26stac-c000-4
https://sbacoustics.com/product/7½in-satori-mw19p-4-2/,https://sbacoustics.com/products/mw19p-4
https://sbacoustics.com/product/5in-satori-mr13p-4/,https://sbacoustics.com/products/mr13p-4
https://sbacoustics.com/product/5-satori-mr13p-8/,https://sbacoustics.com/products/mr13p-8
https://sbacoustics.com/product/5-satori-mr13pnw-4/,https://sbacoustics.com/products/mr13pnw-4
https://sbacoustics.com/product/5-satori-mr13pnw-8/,https://sbacoustics.com/products/mr13pnw-8
https://sbacoustics.com/product/1in-sb36wbac21-8/,https://sbacoustics.com/products/sb36wbac21-8
https://sbacoustics.com/product/2-5in-sb65wbac25-4/,https://sbacoustics.com/products/sb65wbac25-4
https://sbacoustics.com/product/3in-sb10pgc21-4/,https://sbacoustics.com/products/sb10pgc21-4
https://sbacoustics.com/product/1-sb36wbac21-4-aluminum/,https://sbacoustics.com/products/sb36wbac21-4
https://sbacoustics.com/product/satori-tw29bn-b/,https://sbacoustics.com/products/tw29bn-b
https://sbacoustics.com/product/satori-tw29r/,https://sbacoustics.com/products/tw29r
https://sbacoustics.com/product/satori-tw29r-b/,https://sbacoustics.com/products/tw29r-b
https://sbacoustics.com/product/satori-tw29rn/,https://sbacoustics.com/products/tw29rn
https://sbacoustics.com/product/satori-tw29rn-b/,https://sbacoustics.com/products/tw29rn-b
https://sbacoustics.com/product/satori-tw29dn/,https://sbacoustics.com/products/tw29dn
https://sbacoustics.com/product/satori-tw29dn-8/,https://sbacoustics.com/products/tw29dn-8
https://sbacoustics.com/product/satori-tw29dn-b/,https://sbacoustics.com/products/tw29dn-b
https://sbacoustics.com/product/satori-tw29dn-b-8/,https://sbacoustics.com/products/tw29dn-b-8
https://sbacoustics.com/product/satori-tw29txn-b-textreme/,https://sbacoustics.com/products/tw29txn-b
https://sbacoustics.com/product/satori-twbn-8/,https://sbacoustics.com/products/tw29bn-8
https://sbacoustics.com/product/satori-tw29bn-b-8/,https://sbacoustics.com/products/tw29bn-b-8
https://sbacoustics.com/product/satori-tw29rn-8/,https://sbacoustics.com/products/tw29rn-8
https://sbacoustics.com/product/satori-tw29rn-b-8/,https://sbacoustics.com/products/tw29rn-b-8
https://sbacoustics.com/product/satori-tw29d-fabric/,https://sbacoustics.com/products/tw29d
https://sbacoustics.com/product/satori-tw29d-b-fabric/,https://sbacoustics.com/products/tw29d-b
https://sbacoustics.com/product/satori-tw29txn-b-8-textreme/,https://sbacoustics.com/products/tw29txn-b-8
https://sbacoustics.com/product/satori-tw29bnwg-4-beryllium/,https://sbacoustics.com/products/tw29bnwg-4
https://sbacoustics.com/product/satori-tw29bnwg-8-beryllium/,https://sbacoustics.com/products/tw29bnwg-8
https://sbacoustics.com/product/sb21rdc-c000-4/,https://sbacoustics.com/products/sb21rdc-c000-4
https://sbacoustics.com/product/sb29rdnc-c000-4/,https://sbacoustics.com/products/sb29rdnc-c000-4
https://sbacoustics.com/product/sb21rdcn-c000-4/,https://sbacoustics.com/products/sb21rdcn-c000-4
https://sbacoustics.com/product/sb19st-c000-4/,https://sbacoustics.com/products/sb19st-c000-4
https://sbacoustics.com/product/sb21sdc-c000-4/,https://sbacoustics.com/products/sb21sdc-c000-4
https://sbacoustics.com/product/sb26st-c000-5/,https://sbacoustics.com/products/sb26st-c000-5
https://sbacoustics.com/product/sb26stcn-c000-4/,https://sbacoustics.com/products/sb26stcn-c000-4
https://sbacoustics.com/product/sb26adc-c000-4/,https://sbacoustics.com/products/sb26adc-c000-4
https://sbacoustics.com/product/sb29sdac-c000-4/,https://sbacoustics.com/products/sb29sdac-c000-4
https://sbacoustics.com/product/sb26cdc-c000-4/,https://sbacoustics.com/products/sb26cdc-c000-4
https://sbacoustics.com/product/sb29bac-c000-4/,https://sbacoustics.com/products/sb29bac-c000-4
https://sbacoustics.com/product/sb29bnc-c000-4/,https://sbacoustics.com/products/sb29bnc-c000-4
https://sbacoustics.com/product/sb26stwgc-4-fabric/,https://sbacoustics.com/products/sb26stwgc-4
https://sbacoustics.com/product/sb21sdcn-c000-4/,https://sbacoustics.com/products/sb21sdcn-c000-4
https://sbacoustics.com/product/satori-24-magnetic-grille/,https://sbacoustics.com/products/24-magnetic-grille
https://sbacoustics.com/product/satori-tw29bn/,https://sbacoustics.com/products/tw29bn
https://sbacoustics.com/product/satori-tw29b/,https://sbacoustics.com/products/tw29b
https://sbacoustics.com/product/satori-19-magnetic-grille/,https://sbacoustics.com/products/19-magnetic-grille
https://sbacoustics.com/product/satori-16-magnetic-grille/,https://sbacoustics.com/products/16-magnetic-grille
https://sbacoustics.com/product/satori-13-magnetic-grille/,https://sbacoustics.com/products/13-magnetic-grille
https://sbacoustics.com/product/satori-tw29-magnetic-grille/,https://sbacoustics.com/products/tweeter-magnetic-grille
https://sbacoustics.com/product/satori-tw29b-b/,https://sbacoustics.com/products/tw29b-b
https://sbacoustics.com/product/raiya-tx/,https://sbacoustics.com/products/raiya-tx
https://sbacoustics.com/product/satori-wg29-187/,https://sbacoustics.com/products/wg29-187
https://sbacoustics.com/product/sb15bac30-8-coax/,https://sbacoustics.com/products/sb15bac30-8-coax
https://sbacoustics.com/product/satori-wo34hc-4/,https://sbacoustics.com/products/wo34hc-4
https://sbacoustics.com/product/satori-wo34hc-8/,https://sbacoustics.com/products/wo34hc-8
https://sbacoustics.com/product/8in-sb20frpc30-8-paper/,https://sbacoustics.com/products/sb20frpc30-8
https://sbacoustics.com/product/sb16frpc25-7/,https://sbacoustics.com/products/sb16frpc25-7
https://sbacoustics.com/product/satori-mw16p-12-paper/,https://sbacoustics.com/products/mw16p-12
https://sbacoustics.com/product/kinnara/,https://sbacoustics.com/products/kinnara
https://sbacoustics.com/product/sb20pfcs30-7/,https://sbacoustics.com/products/sb20pfcs30-7
https://sbacoustics.com/product/4in-sb12pfc25-4-coax-paper/,https://sbacoustics.com/products/sb12pfc25-4-coax
https://www.sbaudience.com/index.php/products/,https://sbacoustics.com/sbaudience/drivers
https://www.sbaudience.com/index.php/products/compression-drivers/,https://sbacoustics.com/sbaudience/drivers/compression-drivers
https://www.sbaudience.com/index.php/products/woofers/,https://sbacoustics.com/sbaudience/drivers/woofers
https://www.sbaudience.com/index.php/products/subwoofers/,https://sbacoustics.com/sbaudience/drivers/subwoofers
https://www.sbaudience.com/index.php/products/open-baffle-drivers/,https://sbacoustics.com/sbaudience/drivers/open-baffle-drivers
https://www.sbaudience.com/index.php/products/coaxials/,https://sbacoustics.com/sbaudience/drivers/coaxials
https://www.sbaudience.com/index.php/products/horns/,https://sbacoustics.com/sbaudience/drivers/horn
https://www.sbaudience.com/index.php/application/,https://sbacoustics.com/sbaudience/application
https://www.sbaudience.com/index.php/application/compact-12-inch-two-way/,https://sbacoustics.com/sbaudience/application/compact-12-inch-two-way
https://www.sbaudience.com/index.php/application/15inch-open-baffle-three-way/,https://sbacoustics.com/sbaudience/application/15-inch-open-baffle-three-way
https://www.sbaudience.com/index.php/application/dual-18inch-horn-subwoofer/,https://sbacoustics.com/sbaudience/application/dual-18-inch-horn-subwoofer
https://www.sbaudience.com/index.php/about/,https://sbacoustics.com/sbaudience/aboutus
https://www.sbaudience.com/index.php/distributors/,https://sbacoustics.com/sbaudience/distributors
https://www.sbaudience.com/index.php/contact/,https://sbacoustics.com/sbaudience/contact
https://www.sbaudience.com/index.php/products/compression-drivers/bianco-25cd-p/,https://sbacoustics.com/sbaudience/products/bianco-25cd-p
https://www.sbaudience.com/index.php/products/compression-drivers/rosso-25cdn-p/,https://sbacoustics.com/sbaudience/products/rosso-25cdn-p
https://www.sbaudience.com/index.php/products/compression-drivers/products-compression-driver-bianco-34cd-t/,https://sbacoustics.com/sbaudience/products/bianco-34cd-t
https://www.sbaudience.com/index.php/products/compression-drivers/bianco-34cd-pk/,https://sbacoustics.com/sbaudience/products/bianco-34cd-pk
https://www.sbaudience.com/index.php/products/compression-drivers/rosso-34cd-pk/,https://sbacoustics.com/sbaudience/products/rosso-34cd-pk
https://www.sbaudience.com/index.php/products/compression-drivers/rosso-34cdn-pk/,https://sbacoustics.com/sbaudience/products/rosso-34cdn-pk
https://www.sbaudience.com/index.php/products/compression-drivers/bianco-44cd-k/,https://sbacoustics.com/sbaudience/products/bianco-44cd-k
https://www.sbaudience.com/index.php/products/compression-drivers/bianco-44cd-pk/,https://sbacoustics.com/sbaudience/products/bianco-44cd-pk
https://www.sbaudience.com/index.php/products/compression-drivers/bianco-44cd-t/,https://sbacoustics.com/sbaudience/products/bianco-44cd-t
https://www.sbaudience.com/index.php/products/compression-drivers/rosso-44cd-pk/,https://sbacoustics.com/sbaudience/products/rosso-44cd-pk
https://www.sbaudience.com/index.php/products/compression-drivers/rosso-44cdn-pk/,https://sbacoustics.com/sbaudience/products/rosso-44cdn-pk
https://www.sbaudience.com/index.php/products/compression-drivers/rosso-65cd-t/,https://sbacoustics.com/sbaudience/products/rosso-65cd-t
https://www.sbaudience.com/index.php/products/compression-drivers/rosso-65cdn-t/,https://sbacoustics.com/sbaudience/products/rosso-65cdn-t
https://www.sbaudience.com/index.php/products/compression-drivers/bianco-75cd-t/,https://sbacoustics.com/sbaudience/products/bianco-75cd-t
https://www.sbaudience.com/index.php/products/compression-drivers/rosso-75cdn-t/,https://sbacoustics.com/sbaudience/products/rosso-75cdn-t
https://www.sbaudience.com/index.php/products/woofers/rosso-6c200d/,https://sbacoustics.com/sbaudience/products/rosso-6c200d
https://www.sbaudience.com/index.php/products/woofers/nero-5ccn125d/,https://sbacoustics.com/sbaudience/products/nero-5ccn125d
https://www.sbaudience.com/index.php/products/woofers/nero-6mrn150d/,https://sbacoustics.com/sbaudience/products/nero-6mrn150d
https://www.sbaudience.com/index.php/products/woofers/rosso-6mw151d/,https://sbacoustics.com/sbaudience/products/rosso-6mw151d
https://www.sbaudience.com/index.php/products/woofers/rosso-6mw150d/,https://sbacoustics.com/sbaudience/products/rosso-6mw150d
https://www.sbaudience.com/index.php/products/woofers/bianco-8mw125/,https://sbacoustics.com/sbaudience/products/bianco-8mw125
https://www.sbaudience.com/index.php/products/woofers/bianco-8mw250/,https://sbacoustics.com/sbaudience/products/bianco-8mw250
https://www.sbaudience.com/index.php/products/woofers/nero-8mwn400d/,https://sbacoustics.com/sbaudience/products/nero-8mwn400d
https://www.sbaudience.com/index.php/products/woofers/bianco-8mwn150/,https://sbacoustics.com/sbaudience/products/bianco-8mwn150
https://www.sbaudience.com/index.php/products/woofers/bianco-10mw150/,https://sbacoustics.com/sbaudience/products/bianco-10mw150
https://www.sbaudience.com/index.php/products/woofers/bianco-10mw200/,https://sbacoustics.com/sbaudience/products/bianco-10mw200
https://www.sbaudience.com/index.php/products/woofers/nero-10mwn600d/,https://sbacoustics.com/sbaudience/products/nero-10mwn600d
https://www.sbaudience.com/index.php/products/woofers/bianco-12mw200/,https://sbacoustics.com/sbaudience/products/bianco-12mw200
https://www.sbaudience.com/index.php/products/woofers/rosso-12mw300/,https://sbacoustics.com/sbaudience/products/rosso-12mw300
https://www.sbaudience.com/index.php/products/woofers/nero-12mwn400d/,https://sbacoustics.com/sbaudience/products/nero-12mwn400d
https://www.sbaudience.com/index.php/products/woofers/nero-12mwn700d/,https://sbacoustics.com/sbaudience/products/nero-12mwn700d
https://www.sbaudience.com/index.php/products/woofers/bianco-15mw200/,https://sbacoustics.com/sbaudience/products/bianco-15mw200
https://www.sbaudience.com/index.php/products/woofers/bianco-15w200/,https://sbacoustics.com/sbaudience/products/bianco-15w200
https://www.sbaudience.com/index.php/products/woofers/bianco-15mw350/,https://sbacoustics.com/sbaudience/products/bianco-15mw350
https://www.sbaudience.com/index.php/products/woofers/bianco-15mw500/,https://sbacoustics.com/sbaudience/products/bianco-15mw500
https://www.sbaudience.com/index.php/products/woofers/rosso-15w400/,https://sbacoustics.com/sbaudience/products/rosso-15w400
https://www.sbaudience.com/index.php/products/woofers/rosso-15mw500/,https://sbacoustics.com/sbaudience/products/rosso-15mw500
https://www.sbaudience.com/index.php/products/woofers/nero-15mwn700d/,https://sbacoustics.com/sbaudience/products/nero-15mwn700d
https://www.sbaudience.com/index.php/products/subwoofers/bianco-15sw400/,https://sbacoustics.com/sbaudience/products/bianco-15sw400
https://www.sbaudience.com/index.php/products/subwoofers/bianco-15sw600/,https://sbacoustics.com/sbaudience/products/bianco-15sw600
https://www.sbaudience.com/index.php/products/subwoofers/rosso-15sw800/,https://sbacoustics.com/sbaudience/products/rosso-15sw800
https://www.sbaudience.com/index.php/products/subwoofers/nero-15sw800/,https://sbacoustics.com/sbaudience/products/nero-15sw800
https://www.sbaudience.com/index.php/products/subwoofers/bianco-18sw450/,https://sbacoustics.com/sbaudience/products/bianco-18sw450
https://www.sbaudience.com/index.php/products/subwoofers/bianco-18sw500/,https://sbacoustics.com/sbaudience/products/bianco-18sw500
https://www.sbaudience.com/index.php/products/subwoofers/rosso-18sw650/,https://sbacoustics.com/sbaudience/products/rosso-18sw650
https://www.sbaudience.com/index.php/products/subwoofers/rosso-18sw750/,https://sbacoustics.com/sbaudience/products/rosso-18sw750
https://www.sbaudience.com/index.php/products/subwoofers/rosso-18sw800/,https://sbacoustics.com/sbaudience/products/rosso-18sw800
https://www.sbaudience.com/index.php/products/subwoofers/rosso-18sw1000d/,https://sbacoustics.com/sbaudience/products/rosso-18sw1000d
https://www.sbaudience.com/index.php/products/subwoofers/nero-18sw1100d/,https://sbacoustics.com/sbaudience/products/nero-18sw1100d
https://www.sbaudience.com/index.php/products/subwoofers/nero-18sw1900d/,https://sbacoustics.com/sbaudience/products/nero-18sw1900d
https://www.sbaudience.com/index.php/products/subwoofers/rosso-21sw800/,https://sbacoustics.com/sbaudience/products/rosso-21sw800
https://www.sbaudience.com/index.php/products/subwoofers/nero-21sw1100d/,https://sbacoustics.com/sbaudience/products/nero-21sw1100d
https://www.sbaudience.com/index.php/products/open-baffle-drivers/bianco-12ob150-01/,https://sbacoustics.com/sbaudience/products/bianco-12ob150-01
https://www.sbaudience.com/index.php/products/open-baffle-drivers/bianco-15ob350/,https://sbacoustics.com/sbaudience/products/bianco-15ob350
https://www.sbaudience.com/index.php/products/open-baffle-drivers/nero-15obn450d/,https://sbacoustics.com/sbaudience/products/nero-15obn450d
https://www.sbaudience.com/index.php/products/open-baffle-drivers/nero-18obn500d/,https://sbacoustics.com/sbaudience/products/nero-18obn500d
https://www.sbaudience.com/index.php/products/coaxials/rosso-8cx250/,https://sbacoustics.com/sbaudience/products/rosso-8cx250
https://www.sbaudience.com/index.php/products/coaxials/rosso-10cx300/,https://sbacoustics.com/sbaudience/products/rosso-10cx300
https://www.sbaudience.com/index.php/products/coaxials/rosso-12cx350/,https://sbacoustics.com/sbaudience/products/rosso-12cx350
https://www.sbaudience.com/index.php/products/horns/horn-h225/,https://sbacoustics.com/sbaudience/products/h225
https://www.sbaudience.com/index.php/products/horns/horn-h250/,https://sbacoustics.com/sbaudience/products/h250
https://www.sbaudience.com/index.php/products/horns/horn-h280/,https://sbacoustics.com/sbaudience/products/h280
https://www.sbaudience.com/index.php/products/horns/xhyde-290/,https://sbacoustics.com/sbaudience/products/xhyde-290